City_ID,City,Country,Date,Lat,Lng,Max Temp,Humidity,Cloudiness,Wind Speed
0,Georgetown,MY,2021-05-25 23:47:53,5.4112,100.3354,82.89,81,40,5.01
1,Mataura,NZ,2021-05-25 23:41:28,-46.1927,168.8643,49.48,47,93,2.91
2,East London,ZA,2021-05-25 23:38:18,-33.0153,27.9116,64.2,89,61,12.77
3,Kodiak,US,2021-05-25 23:41:29,57.79,-152.4072,55.38,56,0,4.94
4,Punta Arenas,CL,2021-05-25 23:39:04,-53.15,-70.9167,35.71,87,20,12.35
5,Yerbogachen,RU,2021-05-25 23:42:23,61.2767,108.0108,37.13,71,100,5.79
6,Davidson,US,2021-05-25 23:48:28,36.1501,-86.7833,89.89,42,20,8.99
7,Constitucion,CL,2021-05-25 23:49:42,-35.3333,-72.4167,55.36,81,83,8.16
8,Atuona,PF,2021-05-25 23:49:43,-9.8,-139.0333,80.1,62,21,13.78
9,Tuktoyaktuk,CA,2021-05-25 23:49:43,69.4541,-133.0374,30.2,86,90,6.91
10,Hobart,AU,2021-05-25 23:47:21,-42.8794,147.3294,56.26,70,75,5.99
11,Saint-Augustin,CA,2021-05-25 23:49:43,51.226,-58.6502,47.16,78,100,14.23
12,Rikitea,PF,2021-05-25 23:49:44,-23.1203,-134.9692,77.27,78,68,15.05
13,Hithadhoo,MV,2021-05-25 23:49:44,-0.6,73.0833,84.25,66,100,20.13
14,Zaranj,AF,2021-05-25 23:49:44,30.9667,61.8833,83.43,17,0,11.52
15,Mirnyy,RU,2021-05-25 23:49:45,62.5353,113.9611,49.5,63,40,6.85
16,Samarai,PG,2021-05-25 23:41:24,-10.6167,150.6667,79.81,68,100,15.97
17,Torquay,GB,2021-05-25 23:44:20,50.4638,-3.5143,46.85,62,69,1.99
18,Gravdal,NO,2021-05-25 23:49:45,68.1214,13.5031,40.6,76,2,18.88
19,Albany,US,2021-05-25 23:42:04,42.6001,-73.9662,76.17,62,99,1.01
20,Ushuaia,AR,2021-05-25 23:41:21,-54.8,-68.3,29.86,86,75,16.11
21,Chokurdakh,RU,2021-05-25 23:42:01,70.6333,147.9167,37.24,75,67,9.1
22,Bell Ville,AR,2021-05-25 23:49:46,-32.6259,-62.6887,54.05,63,1,4.45
23,Herat,AF,2021-05-25 23:49:47,34.5,62.0,70.11,17,0,5.99
24,Fruitvale,US,2021-05-25 23:49:47,39.0817,-108.4968,82.33,11,1,4.0
25,Vaini,TO,2021-05-25 23:41:38,-21.2,-175.2,71.76,88,90,9.22
26,Saldanha,ZA,2021-05-25 23:42:10,-33.0117,17.9442,46.45,82,8,2.08
27,Port Alfred,ZA,2021-05-25 23:41:38,-33.5906,26.891,63.16,89,69,10.16
28,Luderitz,NA,2021-05-25 23:41:45,-26.6481,15.1594,62.02,68,0,7.05
29,Bluff,NZ,2021-05-25 23:41:31,-46.6,168.3333,49.8,52,75,5.23
30,Vardo,NO,2021-05-25 23:43:06,70.3705,31.1107,36.77,71,47,9.78
31,Mountain Home,US,2021-05-25 23:44:56,43.133,-115.6912,58.8,100,90,10.63
32,Hammerfest,NO,2021-05-25 23:49:48,70.6634,23.6821,34.25,80,75,2.3
33,Los Altos,US,2021-05-25 23:49:15,37.3852,-122.1141,78.3,52,20,1.99
34,Mazagao,BR,2021-05-25 23:49:49,-0.115,-51.2894,75.43,93,91,3.62
35,Busselton,AU,2021-05-25 23:41:56,-33.65,115.3333,54.34,75,100,9.93
36,Dauphin,CA,2021-05-25 23:49:49,51.1494,-100.0502,41.14,75,90,24.16
37,Anadyr,RU,2021-05-25 23:49:49,64.75,177.4833,46.9,65,20,24.0
38,Danilovka,RU,2021-05-25 23:49:50,50.3557,44.1168,54.93,90,59,9.17
39,Ahipara,NZ,2021-05-25 23:44:16,-35.1667,173.1667,58.84,66,41,9.6
40,Qaanaaq,GL,2021-05-25 23:42:02,77.484,-69.3632,32.02,76,10,5.44
41,Bamako,ML,2021-05-25 23:44:59,12.65,-8.0,90.01,55,0,4.5
42,Tasiilaq,GL,2021-05-25 23:41:47,65.6145,-37.6368,37.56,87,100,45.41
43,Kapaa,US,2021-05-25 23:41:38,22.0752,-159.319,83.48,67,1,3.0
44,Almaznyy,RU,2021-05-25 23:49:51,48.0448,40.045,55.54,79,22,6.6
45,Parnamirim,BR,2021-05-25 23:49:51,-5.9156,-35.2628,77.34,83,0,6.91
46,Faanui,PF,2021-05-25 23:41:50,-16.4833,-151.75,81.1,71,64,11.7
47,Marrakesh,MA,2021-05-25 23:46:55,31.6315,-8.0083,69.87,52,0,3.44
48,Covington,US,2021-05-25 23:49:52,39.0837,-84.5086,85.87,44,1,12.66
49,Bandarbeyla,SO,2021-05-25 23:49:52,9.4942,50.8122,78.8,82,35,22.59
50,Hermanus,ZA,2021-05-25 23:41:30,-34.4187,19.2345,57.9,73,44,7.11
51,Yellowknife,CA,2021-05-25 23:39:59,62.456,-114.3525,47.32,39,20,1.99
52,Udachnyy,RU,2021-05-25 23:49:53,66.4167,112.4,47.23,70,88,11.86
53,Bredasdorp,ZA,2021-05-25 23:41:31,-34.5322,20.0403,52.92,76,75,5.82
54,Ketchikan,US,2021-05-25 23:44:17,55.3422,-131.6461,49.39,77,90,8.25
55,Dunedin,NZ,2021-05-25 23:44:56,-45.8742,170.5036,49.8,59,100,3.0
56,Ribeira Grande,PT,2021-05-25 23:42:07,38.5167,-28.7,64.4,93,100,17.45
57,Fairbanks,US,2021-05-25 23:42:06,64.8378,-147.7164,69.76,31,75,8.05
58,Lebu,CL,2021-05-25 23:40:20,-37.6167,-73.65,55.85,86,94,2.48
59,Chuy,UY,2021-05-25 23:43:29,-33.6971,-53.4616,50.05,82,0,6.82
60,Ilhabela,BR,2021-05-25 23:49:54,-23.7781,-45.3581,64.06,75,81,6.06
61,Ilulissat,GL,2021-05-25 23:43:45,69.2167,-51.1,33.82,64,30,4.61
62,Vao,NC,2021-05-25 23:43:18,-22.6667,167.4833,71.49,62,17,15.93
63,Nikolskoye,RU,2021-05-25 23:42:03,59.7035,30.7861,48.4,86,99,6.51
64,Sisimiut,GL,2021-05-25 23:49:55,66.9395,-53.6735,29.73,64,39,5.19
65,Sao Filipe,CV,2021-05-25 23:42:49,14.8961,-24.4956,74.64,72,0,8.1
66,Vanavara,RU,2021-05-25 23:49:55,60.34,102.2797,35.29,56,37,6.06
67,Warrington,GB,2021-05-25 23:49:55,53.3925,-2.5802,50.86,93,14,1.99
68,Lafiagi,NG,2021-05-25 23:45:28,8.8667,5.4167,79.23,74,92,6.29
69,Cidreira,BR,2021-05-25 23:41:59,-30.1811,-50.2056,56.43,70,0,9.66
70,Hailin,CN,2021-05-25 23:49:56,44.5833,129.4167,56.3,48,96,13.96
71,San Cristobal,VE,2021-05-25 23:44:35,7.7669,-72.225,65.05,99,100,3.76
72,Manggar,ID,2021-05-25 23:49:56,-2.8833,108.2667,84.61,74,33,9.75
73,Saint-Georges,GD,2021-05-25 23:47:49,12.0564,-61.7485,80.28,78,20,11.5
74,Pangnirtung,CA,2021-05-25 23:45:00,66.1451,-65.7125,25.05,92,100,1.03
75,Jumla,NP,2021-05-25 23:49:57,29.2747,82.1838,53.15,83,98,3.38
76,Mahebourg,MU,2021-05-25 23:44:38,-20.4081,57.7,71.89,88,75,0.0
77,Parambu,BR,2021-05-25 23:49:58,-6.2111,-40.6944,68.25,74,24,1.79
78,Noumea,NC,2021-05-25 23:49:58,-22.2763,166.4572,75.0,99,58,11.74
79,Saint-Philippe,RE,2021-05-25 23:42:15,-21.3585,55.7679,72.95,86,50,8.37
80,Voh,NC,2021-05-25 23:49:59,-20.9667,164.7,75.78,46,77,9.84
81,Jamestown,US,2021-05-25 23:41:34,42.097,-79.2353,83.52,57,1,5.75
82,Chililabombwe,ZM,2021-05-25 23:49:59,-12.3648,27.8229,49.53,78,1,5.01
83,Laguna,US,2021-05-25 23:43:35,38.421,-121.4238,87.76,26,1,4.0
84,Tari,NG,2021-05-25 23:50:00,12.4086,4.4914,89.46,33,67,6.89
85,Port Elizabeth,ZA,2021-05-25 23:37:26,-33.918,25.5701,61.09,88,0,9.22
86,Rio Grande,BR,2021-05-25 23:49:33,-32.035,-52.0986,47.95,75,0,10.45
87,Carnarvon,AU,2021-05-25 23:41:44,-24.8667,113.6333,50.07,71,94,9.22
88,Iqaluit,CA,2021-05-25 23:41:33,63.7506,-68.5145,28.13,86,75,24.0
89,Naters,CH,2021-05-25 23:50:01,46.3254,7.9891,47.8,76,26,3.22
90,Puerto Ayora,EC,2021-05-25 23:41:26,-0.7393,-90.3518,75.54,90,32,4.0
91,Pevek,RU,2021-05-25 23:42:19,69.7008,170.3133,32.83,85,99,2.55
92,Luganville,VU,2021-05-25 23:42:27,-15.5333,167.1667,76.98,55,53,8.37
93,Cape Town,ZA,2021-05-25 23:41:03,-33.9258,18.4232,58.12,82,0,4.97
94,Karasburg,NA,2021-05-25 23:50:03,-28.0167,18.75,55.98,53,0,2.3
95,Ocampo,MX,2021-05-25 23:50:03,21.65,-101.5,69.4,43,83,11.79
96,La Crosse,US,2021-05-25 23:46:24,43.8014,-91.2396,84.13,54,1,19.57
97,Benjamin Constant,BR,2021-05-25 23:50:04,-4.3831,-70.0311,73.81,91,98,0.56
98,Kupang,ID,2021-05-25 23:43:49,-10.1667,123.5833,81.18,78,40,9.22
99,Bengkulu,ID,2021-05-25 23:41:57,-3.8004,102.2655,77.76,84,78,2.84
100,Provideniya,RU,2021-05-25 23:41:50,64.3833,-173.3,44.71,61,0,15.66
101,Katsuura,JP,2021-05-25 23:42:03,35.1333,140.3,71.24,70,86,15.08
102,Qaqortoq,GL,2021-05-25 23:50:05,60.7167,-46.0333,34.3,68,46,9.22
103,Thompson,CA,2021-05-25 23:42:18,55.7435,-97.8558,28.56,80,90,19.57
104,Mayahi,NE,2021-05-25 23:50:05,13.9553,7.6712,82.56,9,4,4.85
105,Bambanglipuro,ID,2021-05-25 23:50:06,-7.95,110.2833,77.9,87,79,4.12
106,Nadym,RU,2021-05-25 23:50:06,65.5333,72.5167,41.22,71,100,12.66
107,Anloga,GH,2021-05-25 23:50:06,5.7947,0.8973,82.13,82,65,13.58
108,Narsaq,GL,2021-05-25 23:50:07,60.9167,-46.05,33.49,73,61,3.83
109,Avarua,CK,2021-05-25 23:41:25,-21.2078,-159.775,82.45,83,20,8.05
110,Butaritari,KI,2021-05-25 23:41:51,3.0707,172.7902,81.99,79,100,18.34
111,Prince Rupert,CA,2021-05-25 23:50:07,54.3161,-130.3201,50.09,70,75,2.3
112,Jalu,LY,2021-05-25 23:44:32,29.0331,21.5482,80.56,12,0,3.89
113,Khatanga,RU,2021-05-25 23:42:24,71.9667,102.5,31.48,98,100,5.35
114,Great Yarmouth,GB,2021-05-25 23:50:08,52.6083,1.7305,47.95,91,38,11.32
115,Vostok,RU,2021-05-25 23:50:08,46.4856,135.8833,51.49,58,17,9.71
116,Wakkanai,JP,2021-05-25 23:50:09,45.4094,141.6739,51.78,82,40,16.11
117,Padang,ID,2021-05-25 23:41:36,-0.9492,100.3543,77.05,84,94,3.49
118,Salinopolis,BR,2021-05-25 23:50:09,-0.6136,-47.3561,80.82,80,79,11.59
119,Najran,SA,2021-05-25 23:49:11,17.4924,44.1277,79.45,21,0,4.94
120,Banda Aceh,ID,2021-05-25 23:44:55,5.5577,95.3222,80.38,81,97,5.86
121,Hambantota,LK,2021-05-25 23:43:39,6.1241,81.1185,80.85,76,96,22.48
122,Nizhniy Odes,RU,2021-05-25 23:50:10,63.6445,54.856,38.32,95,100,7.67
123,Lagoa,PT,2021-05-25 23:41:41,39.05,-27.9833,63.52,90,100,19.17
124,Richards Bay,ZA,2021-05-25 23:50:11,-28.783,32.0377,62.01,76,84,8.48
125,Biak,ID,2021-05-25 23:41:44,-0.9131,122.8766,79.92,75,88,6.64
126,Oudtshoorn,ZA,2021-05-25 23:43:07,-33.5907,22.2014,52.16,79,93,2.59
127,Castro,BR,2021-05-25 23:42:08,-24.7911,-50.0119,49.26,59,37,1.25
128,Port Washington,US,2021-05-25 23:48:46,40.8257,-73.6982,75.58,72,75,3.0
129,Ponta Do Sol,PT,2021-05-25 23:41:41,32.6667,-17.1,65.03,68,72,6.38
130,Kathu,TH,2021-05-25 23:50:12,7.9178,98.3332,82.69,81,99,4.92
131,Dikson,RU,2021-05-25 23:42:05,73.5069,80.5464,21.0,93,76,6.91
132,Belmonte,BR,2021-05-25 23:42:47,-15.8631,-38.8828,79.3,80,19,5.1
133,Frutal,BR,2021-05-25 23:50:12,-20.0247,-48.9406,69.62,29,84,4.0
134,Imbituba,BR,2021-05-25 23:44:51,-28.24,-48.6703,58.89,73,4,3.89
135,Cacoal,BR,2021-05-25 23:50:13,-11.4386,-61.4472,76.24,82,71,3.15
136,Ponca City,US,2021-05-25 23:50:13,36.707,-97.0856,81.09,67,1,7.0
137,Mkushi,ZM,2021-05-25 23:50:14,-13.6202,29.3939,47.86,77,0,4.03
138,Agadir,MA,2021-05-25 23:50:14,30.4202,-9.5982,63.05,83,100,7.67
139,Longyearbyen,SJ,2021-05-25 23:43:15,78.2186,15.6401,28.24,86,75,17.27
140,Keti Bandar,PK,2021-05-25 23:50:14,24.1447,67.4497,83.43,84,29,19.46
141,Rocha,UY,2021-05-25 23:42:59,-34.4833,-54.3333,46.24,73,0,5.19
142,Asau,RO,2021-05-25 23:42:00,46.4333,26.4,59.76,100,32,4.76
143,Karratha,AU,2021-05-25 23:43:48,-20.7377,116.8463,68.32,59,0,19.08
144,Kieta,PG,2021-05-25 23:50:15,-6.2167,155.6333,82.42,84,92,8.05
145,Mar Del Plata,AR,2021-05-25 23:42:48,-38.0023,-57.5575,50.23,61,0,7.0
146,Boguchany,RU,2021-05-25 23:50:16,58.3814,97.4531,40.89,52,10,5.68
147,Waingapu,ID,2021-05-25 23:50:16,-9.6567,120.2641,80.85,75,35,12.77
148,Naperville,US,2021-05-25 23:50:09,41.7859,-88.1473,82.17,73,75,1.01
149,Manali,IN,2021-05-25 23:50:17,13.1667,80.2667,83.07,76,95,14.56
150,Majene,ID,2021-05-25 23:50:17,-3.5403,118.9707,80.44,83,98,8.46
151,Tuatapere,NZ,2021-05-25 23:41:49,-46.1333,167.6833,49.82,53,77,3.42
152,Waipawa,NZ,2021-05-25 23:50:17,-41.4122,175.5153,51.46,58,58,8.16
153,San Jeronimo,PE,2021-05-25 23:50:18,-11.9472,-75.2829,47.64,87,100,1.77
154,Pangkalanbuun,ID,2021-05-25 23:50:18,-2.6833,111.6167,79.23,83,66,2.98
155,Ayan,RU,2021-05-25 23:50:18,56.45,138.1667,41.11,61,100,2.1
156,Torbay,CA,2021-05-25 23:42:12,47.6666,-52.7314,46.67,77,90,28.77
157,Souillac,MU,2021-05-25 23:42:40,-20.5167,57.5167,71.98,88,75,8.43
158,Cherskiy,RU,2021-05-25 23:43:45,68.75,161.3,60.85,32,91,13.62
159,Finschhafen,PG,2021-05-25 23:50:19,-6.6024,147.8681,79.9,84,100,9.84
160,Bodaybo,RU,2021-05-25 23:50:19,57.8506,114.1933,49.57,61,3,1.86
161,Hasaki,JP,2021-05-25 23:42:26,35.7333,140.8333,71.19,63,96,10.31
162,Kruisfontein,ZA,2021-05-25 23:42:23,-34.0033,24.7314,54.88,94,81,5.66
163,Jaisalmer,IN,2021-05-25 23:50:20,26.9147,70.9181,81.12,75,0,17.47
164,Mangai,CD,2021-05-25 23:50:20,-4.05,19.5333,69.64,65,85,2.62
165,Cuitareo,MX,2021-05-25 23:50:21,19.6167,-100.6,76.6,22,94,4.41
166,Kaka,TM,2021-05-25 23:50:21,37.3482,59.6143,79.61,17,35,3.96
167,Ginir,ET,2021-05-25 23:50:22,7.1333,40.7,53.94,91,5,5.23
168,Srednekolymsk,RU,2021-05-25 23:50:22,67.45,153.6833,56.52,44,99,21.59
169,Ocana,CO,2021-05-25 23:50:22,8.2377,-73.356,66.06,92,100,5.68
170,Bontang,ID,2021-05-25 23:50:23,0.1333,117.5,78.57,86,100,4.29
171,Rangapara,IN,2021-05-25 23:50:23,26.8167,92.65,75.42,90,100,3.51
172,Sungaipenuh,ID,2021-05-25 23:50:24,-2.0833,101.3833,66.6,96,100,3.29
173,Victoria,HK,2021-05-25 23:43:01,22.2855,114.1577,86.05,88,69,5.01
174,Port Macquarie,AU,2021-05-25 23:42:35,-31.4333,152.9167,57.88,59,23,6.26
175,Komsomolskiy,UZ,2021-05-25 23:43:36,40.4272,71.7189,69.22,42,42,9.22
176,Esperance,AU,2021-05-25 23:42:52,-33.8667,121.9,51.64,80,32,9.33
177,Nuqui,CO,2021-05-25 23:50:24,5.7125,-77.2708,79.57,87,63,7.02
178,Jiazi,CN,2021-05-25 23:44:53,22.8779,116.067,82.17,77,43,5.55
179,Salamiyah,SY,2021-05-25 23:50:25,35.0113,37.0532,67.55,48,0,6.22
180,Clyde River,CA,2021-05-25 23:44:11,70.4692,-68.5914,28.63,86,100,24.16
181,Bendigo,AU,2021-05-25 23:50:25,-36.7667,144.2833,51.64,83,40,3.0
182,Sabha,LY,2021-05-25 23:48:23,27.0377,14.4283,88.65,10,0,8.84
183,Cabo San Lucas,MX,2021-05-25 23:42:26,22.8909,-109.9124,95.5,30,20,10.36
184,Fairfield,US,2021-05-25 23:50:26,41.2668,-73.3162,71.83,74,1,8.5
185,Guerrero Negro,MX,2021-05-25 23:42:22,27.9769,-114.0611,69.12,58,64,14.36
186,Namibe,AO,2021-05-25 23:43:32,-15.1961,12.1522,74.5,66,0,2.13
187,Vestmannaeyjar,IS,2021-05-25 23:41:48,63.4427,-20.2734,45.39,89,78,24.61
188,Yeppoon,AU,2021-05-25 23:50:27,-23.1333,150.7333,71.38,67,1,7.92
189,Auki,SB,2021-05-25 23:43:24,-8.7676,160.7034,83.39,70,100,7.72
190,Aleksandrovskiy Zavod,RU,2021-05-25 23:50:27,50.9237,117.9374,44.76,57,73,5.99
191,Faya,SA,2021-05-25 23:42:28,18.3851,42.4509,68.11,41,39,4.47
192,Flinders,AU,2021-05-25 23:50:28,-34.5833,150.8552,65.37,60,27,8.01
193,Acapulco,MX,2021-05-25 23:48:58,16.8634,-99.8901,86.4,53,86,10.76
194,Spornoye,RU,2021-05-25 23:50:29,50.8448,37.2913,57.22,72,97,3.71
195,Hilo,US,2021-05-25 23:50:29,19.7297,-155.09,82.13,71,1,14.97
196,Bosaso,SO,2021-05-25 23:50:29,11.2842,49.1816,86.67,64,31,3.6
197,Portland,US,2021-05-25 23:38:49,45.5234,-122.6762,64.98,83,90,1.01
198,Colares,PT,2021-05-25 23:50:30,38.7992,-9.4469,63.45,68,89,11.01
199,Dhidhdhoo,MV,2021-05-25 23:50:30,6.8833,73.1,82.02,79,100,28.77
200,Sangueya,GN,2021-05-25 23:50:31,10.7,-14.3667,80.49,76,97,3.51
201,Saskylakh,RU,2021-05-25 23:42:04,71.9167,114.0833,50.77,61,97,7.23
202,Hengyang,CN,2021-05-25 23:50:31,26.8881,112.615,76.75,88,43,4.59
203,Kerema,PG,2021-05-25 23:42:24,-7.9631,145.7785,80.13,79,98,5.23
204,Tazovskiy,RU,2021-05-25 23:50:32,67.4667,78.7,27.99,70,82,2.01
205,Lora Del Rio,ES,2021-05-25 23:50:32,37.659,-5.5275,67.8,52,0,3.44
206,Kaitangata,NZ,2021-05-25 23:42:31,-46.2817,169.8464,46.47,46,100,3.18
207,Upernavik,GL,2021-05-25 23:41:35,72.7868,-56.1549,35.11,81,82,8.63
208,Barrow,US,2021-05-25 23:41:35,71.2906,-156.7887,26.62,80,90,5.75
209,Mastung,PK,2021-05-25 23:50:33,29.7994,66.845,68.77,19,0,5.37
210,Buraydah,SA,2021-05-25 23:50:33,26.326,43.975,82.85,17,0,10.51
211,Tilichiki,RU,2021-05-25 23:43:51,60.4667,166.1,40.26,74,100,9.55
212,Nemuro,JP,2021-05-25 23:41:27,43.3236,145.575,46.8,87,100,5.14
213,Alice Springs,AU,2021-05-25 23:42:10,-23.7,133.8833,53.15,37,40,17.38
214,Hualmay,PE,2021-05-25 23:43:55,-11.0964,-77.6139,66.16,84,16,6.13
215,Ngunguru,NZ,2021-05-25 23:50:34,-35.6167,174.5,59.16,71,86,20.36
216,Zyryanka,RU,2021-05-25 23:50:34,65.75,150.85,50.63,59,100,9.37
217,Yulara,AU,2021-05-25 23:42:59,-25.2406,130.9889,48.04,53,69,5.75
218,Escobal,PA,2021-05-25 23:50:35,9.1472,-79.9619,83.88,95,100,3.31
219,Cotonou,BJ,2021-05-25 23:50:35,6.3654,2.4183,82.08,81,51,12.37
220,Cloquet,US,2021-05-25 23:50:35,46.7216,-92.4594,81.28,53,1,16.82
221,Guerande,FR,2021-05-25 23:50:36,47.3291,-2.4283,55.62,86,100,23.69
222,Virginia Beach,US,2021-05-25 23:47:21,36.8529,-75.978,79.02,83,40,4.61
223,Yumen,CN,2021-05-25 23:50:36,40.2833,97.2,63.25,16,11,6.02
224,Katangli,RU,2021-05-25 23:50:37,51.7102,143.2326,38.3,84,100,8.93
225,Lompoc,US,2021-05-25 23:43:38,34.6391,-120.4579,84.78,66,1,17.27
226,Kalyazin,RU,2021-05-25 23:50:37,57.2403,37.8433,48.33,86,96,4.5
227,Coquimbo,CL,2021-05-25 23:42:35,-29.9533,-71.3436,56.93,82,0,1.77
228,Husavik,IS,2021-05-25 23:43:49,66.0449,-17.3389,44.51,77,15,11.97
229,Muskogee,US,2021-05-25 23:50:38,35.5834,-95.3336,73.45,97,90,0.0
230,Porto Uniao,BR,2021-05-25 23:50:38,-26.2381,-51.0783,46.49,73,46,1.79
231,Ishim,RU,2021-05-25 23:50:38,56.1128,69.4902,66.4,65,44,6.04
232,Saint George,US,2021-05-25 23:40:01,37.1041,-113.5841,93.67,10,1,5.99
233,Mazatlan,MX,2021-05-25 23:46:18,23.2167,-106.4167,84.9,68,50,7.0
234,San-Pedro,CI,2021-05-25 23:50:39,4.7485,-6.6363,79.93,84,99,5.53
235,Nanortalik,GL,2021-05-25 23:41:33,60.1432,-45.2371,33.62,75,49,11.16
236,Tel Aviv-Yafo,IL,2021-05-25 23:50:40,32.0805,34.7805,79.7,73,0,0.83
237,Altus,US,2021-05-25 23:50:40,34.6381,-99.334,84.97,57,20,1.01
238,Umm Lajj,SA,2021-05-25 23:44:41,25.0213,37.2685,83.8,49,0,9.69
239,Havelock,US,2021-05-25 23:50:41,34.8791,-76.9013,79.05,84,75,3.0
240,Kalmunai,LK,2021-05-25 23:50:41,7.4167,81.8167,78.82,75,100,2.84
241,Pergamino,AR,2021-05-25 23:50:41,-33.89,-60.5736,54.91,67,0,1.99
242,Barlinek,PL,2021-05-25 23:50:42,52.9946,15.2186,50.05,89,63,12.71
243,Port Lincoln,AU,2021-05-25 23:40:53,-34.7333,135.8667,58.77,56,60,13.8
244,Mataram,ID,2021-05-25 23:50:43,-8.5833,116.1167,76.01,79,15,3.49
245,Sao Joao Da Barra,BR,2021-05-25 23:44:42,-21.6403,-41.0511,68.49,71,63,7.07
246,Tiksi,RU,2021-05-25 23:41:54,71.6872,128.8694,35.15,89,23,1.86
247,Alyangula,AU,2021-05-25 23:50:43,-13.8483,136.4192,78.67,73,41,14.32
248,Mangaldai,IN,2021-05-25 23:50:44,26.4333,92.0333,75.11,91,100,3.58
249,Karasuk,RU,2021-05-25 23:50:44,53.7377,78.0403,73.27,48,9,4.07
250,Kogon,UZ,2021-05-25 23:50:45,39.7228,64.5517,71.24,60,0,4.61
251,Kamaishi,JP,2021-05-25 23:50:45,39.2667,141.8833,58.15,61,34,3.09
252,Fuling,CN,2021-05-25 23:50:45,29.7022,107.3919,62.29,97,100,1.25
253,Salalah,OM,2021-05-25 23:44:45,17.0151,54.0924,82.49,78,20,3.44
254,Astorga,BR,2021-05-25 23:46:51,-23.2325,-51.6656,66.6,52,50,2.06
255,Ishigaki,JP,2021-05-25 23:43:41,24.3448,124.1572,84.33,79,20,11.5
256,Bathsheba,BB,2021-05-25 23:42:52,13.2167,-59.5167,81.21,61,40,12.75
257,Tautira,PF,2021-05-25 23:50:46,-17.7333,-149.15,84.22,73,66,4.99
258,Kenitra,MA,2021-05-25 23:50:46,34.261,-6.5802,63.84,86,91,10.58
259,Grindavik,IS,2021-05-25 23:42:27,63.8424,-22.4338,46.56,81,40,27.38
260,Lamu,KE,2021-05-25 23:41:30,-2.2717,40.902,78.49,76,17,16.02
261,Miranda,CO,2021-05-25 23:50:47,3.2499,-76.2281,67.95,92,60,6.29
262,Eregli,TR,2021-05-25 23:41:25,37.5133,34.0467,60.13,37,0,2.42
263,Kloulklubed,PW,2021-05-25 23:42:25,7.0419,134.2556,81.1,72,61,4.0
264,Yinchuan,CN,2021-05-25 23:50:48,38.4681,106.2731,68.18,15,22,17.2
265,Matara,LK,2021-05-25 23:50:48,5.9485,80.5353,79.72,84,99,16.35
266,Hirara,JP,2021-05-25 23:41:45,24.8,125.2833,84.47,79,20,10.36
267,Ascension,US,2021-05-25 23:50:48,30.2169,-90.9001,84.42,66,40,4.61
268,Sao Joao Do Paraiso,BR,2021-05-25 23:50:49,-15.3136,-42.0144,69.82,63,16,6.73
269,Coahuayana,MX,2021-05-25 23:50:49,18.7333,-103.6833,84.69,54,49,6.15
270,Putatan,MY,2021-05-25 23:50:50,5.9258,116.0609,80.62,78,20,6.91
271,Severo-Kurilsk,RU,2021-05-25 23:41:57,50.6789,156.125,37.56,98,100,15.59
272,Kurumkan,RU,2021-05-25 23:50:50,54.3,110.3,46.51,54,98,2.33
273,Vanimo,PG,2021-05-25 23:50:50,-2.6741,141.3028,81.73,82,80,3.42
274,Bandar,ID,2021-05-25 23:38:19,2.05,99.75,74.35,96,93,1.95
275,Khilok,RU,2021-05-25 23:50:51,51.3674,110.4676,42.4,90,100,5.95
276,Balarampur,IN,2021-05-25 23:50:51,23.1167,86.2167,76.42,88,100,21.52
277,Champerico,GT,2021-05-25 23:50:52,14.3,-91.9167,85.35,69,93,9.64
278,Bonavista,CA,2021-05-25 23:43:25,48.6499,-53.1147,50.0,78,87,22.3
279,Hami,CN,2021-05-25 23:44:43,42.8,93.45,74.86,15,0,10.29
280,San Policarpo,PH,2021-05-25 23:43:45,12.1791,125.5072,82.89,79,97,4.38
281,Wahiawa,US,2021-05-25 23:50:52,21.5028,-158.0236,80.87,67,90,11.5
282,Havre-Saint-Pierre,CA,2021-05-25 23:42:24,50.2334,-63.5986,48.79,93,40,8.05
283,Port Hedland,AU,2021-05-25 23:43:25,-20.3167,118.5667,66.25,45,75,14.97
284,North Bend,US,2021-05-25 23:43:13,43.4065,-124.2243,61.99,82,90,11.5
285,Great Falls,US,2021-05-25 23:45:58,47.5002,-111.3008,60.19,57,40,1.99
286,Baruun-Urt,MN,2021-05-25 23:50:53,46.6806,113.2792,47.53,63,44,12.55
287,Benjamin Aceval,PY,2021-05-25 23:50:54,-24.9667,-57.5667,68.14,40,100,4.34
288,Cururupu,BR,2021-05-25 23:50:54,-1.8283,-44.8683,76.32,91,39,3.44
289,Thanh Hoa,VN,2021-05-25 23:50:54,19.8,105.7667,80.02,82,29,0.67
290,Porto Novo,BJ,2021-05-25 23:40:59,6.4965,2.6036,80.94,83,63,8.16
291,Sandnessjoen,NO,2021-05-25 23:50:55,66.0217,12.6316,46.38,77,6,7.07
292,Bethel,US,2021-05-25 23:41:22,41.3712,-73.414,73.29,67,1,9.22
293,Broken Hill,AU,2021-05-25 23:43:24,-31.95,141.4333,51.51,71,0,11.5
294,Collie,AU,2021-05-25 23:50:56,-33.3667,116.15,47.84,80,100,4.72
295,Iquique,CL,2021-05-25 23:50:56,-20.2208,-70.1431,59.04,82,75,2.24
296,Port Augusta,AU,2021-05-25 23:50:56,-32.5,137.7667,54.72,53,43,5.46
297,Timizart,DZ,2021-05-25 23:50:57,36.8,4.2667,59.34,82,88,7.45
298,New Norfolk,AU,2021-05-25 23:41:43,-42.7826,147.0587,55.92,71,74,4.0
299,Touros,BR,2021-05-25 23:48:00,-5.1989,-35.4608,77.9,84,55,11.25
300,Quang Ngai,VN,2021-05-25 23:50:57,15.1167,108.8,81.43,77,14,3.6
301,San Miguel,SV,2021-05-25 23:50:58,13.4833,-88.1833,80.98,74,83,1.32
302,Boca Do Acre,BR,2021-05-25 23:50:58,-8.7522,-67.3978,78.53,77,79,1.92
303,Tanakpur,IN,2021-05-25 23:50:58,29.0833,80.1167,77.04,46,79,5.68
304,Saint Anthony,US,2021-05-25 23:44:29,45.0205,-93.218,84.13,21,1,13.2
305,Camocim,BR,2021-05-25 23:50:59,-2.9022,-40.8411,77.83,80,28,11.14
306,La Plata,AR,2021-05-25 23:50:59,-34.9215,-57.9545,56.97,68,1,3.6
307,Nicoya,CR,2021-05-25 23:51:00,10.1483,-85.452,87.35,77,99,6.62
308,Arraial Do Cabo,BR,2021-05-25 23:41:34,-22.9661,-42.0278,69.42,60,65,5.44
309,Opuwo,NA,2021-05-25 23:51:00,-18.0607,13.84,60.37,44,0,8.01
310,Itarema,BR,2021-05-25 23:51:00,-2.9248,-39.9167,78.35,78,35,11.56
311,Sioux Lookout,CA,2021-05-25 23:51:01,50.1001,-91.917,69.87,43,75,16.11
312,La Serena,CL,2021-05-25 23:51:01,-29.9078,-71.2542,56.71,82,0,5.75
313,Owensboro,US,2021-05-25 23:46:05,37.7742,-87.1133,88.25,45,40,12.66
314,Kawalu,ID,2021-05-25 23:51:02,-7.3817,108.2082,74.14,90,79,2.06
315,Harper,LR,2021-05-25 23:42:57,4.375,-7.7169,79.47,86,71,5.12
316,Santa Lucia,ES,2021-05-25 23:51:02,27.9117,-15.5407,60.12,60,75,15.35
317,Limbang,MY,2021-05-25 23:51:03,4.75,115.0,82.51,83,71,1.39
318,Harrismith,ZA,2021-05-25 23:47:30,-28.2728,29.1295,42.08,67,100,3.65
319,Mehran,IR,2021-05-25 23:46:13,33.1222,46.1646,76.48,21,13,6.26
320,Pasni,PK,2021-05-25 23:51:03,25.2631,63.471,83.88,88,22,15.21
321,Langsa,ID,2021-05-25 23:51:04,4.4683,97.9683,75.63,94,98,1.81
322,Podgorenskiy,RU,2021-05-25 23:41:59,50.405,39.6429,55.53,67,29,5.01
323,Jaciara,BR,2021-05-25 23:51:05,-15.9653,-54.9683,74.7,67,28,1.19
324,Suntar,RU,2021-05-25 23:51:05,62.1444,117.6319,54.81,47,97,5.61
325,Hawalli,KW,2021-05-25 23:51:05,29.2833,47.9972,91.49,26,0,10.0
326,Okhotsk,RU,2021-05-25 23:51:06,59.3833,143.3,50.9,53,84,8.75
327,Moctezuma,MX,2021-05-25 23:51:06,29.8,-109.6667,94.55,6,4,16.17
328,Abu Zabad,SD,2021-05-25 23:51:06,12.35,29.25,90.28,27,99,5.08
329,Vilhena,BR,2021-05-25 23:40:16,-12.7406,-60.1458,73.62,88,0,5.75
330,Ocean City,US,2021-05-25 23:51:07,39.2776,-74.5746,72.25,80,62,5.01
331,San Carlos De Bariloche,AR,2021-05-25 23:49:16,-41.1456,-71.3082,46.15,81,75,9.82
332,Kidal,ML,2021-05-25 23:51:07,18.4411,1.4078,93.16,7,86,12.33
333,Te Anau,NZ,2021-05-25 23:51:08,-45.4167,167.7167,48.47,62,72,2.21
334,Arona,ES,2021-05-25 23:51:08,28.0996,-16.681,62.33,65,75,8.99
335,Henties Bay,NA,2021-05-25 23:51:09,-22.116,14.2845,64.24,76,0,9.95
336,Valparaiso,CL,2021-05-25 23:51:09,-33.0393,-71.6273,58.64,67,0,11.43
337,Dubbo,AU,2021-05-25 23:49:42,-32.25,148.6167,59.13,67,75,10.36
338,Seoul,KR,2021-05-25 23:51:10,37.5683,126.9778,60.37,72,0,5.39
339,Lata,PT,2021-05-25 23:51:10,40.1629,-8.3327,60.71,81,100,0.87
340,Changji,CN,2021-05-25 23:51:10,44.0167,87.3167,72.39,24,0,4.9
341,Bandundu,CD,2021-05-25 23:51:11,-3.3167,17.3667,73.87,68,95,1.97
342,Santiago De Cao,PE,2021-05-25 23:51:11,-7.9589,-79.2392,66.33,88,90,8.81
343,Grand Gaube,MU,2021-05-25 23:51:11,-20.0064,57.6608,72.0,81,9,3.0
344,Lebanon,US,2021-05-25 23:48:10,36.2081,-86.2911,89.65,45,20,6.91
345,Ongandjera,NA,2021-05-25 23:51:12,-17.8833,15.0667,61.81,36,0,8.55
346,Bozoum,CF,2021-05-25 23:51:12,6.3193,16.3799,72.66,78,65,4.36
347,Chichigalpa,NI,2021-05-25 23:51:13,12.5776,-87.027,92.91,46,40,5.84
348,Hisor,TJ,2021-05-25 23:51:13,38.525,68.5512,62.35,48,15,3.04
349,Thinadhoo,MV,2021-05-25 23:42:48,0.5333,72.9333,84.29,65,100,21.5
350,Vavuniya,LK,2021-05-25 23:51:13,8.7514,80.4971,77.88,83,100,12.1
351,Ossora,RU,2021-05-25 23:51:14,59.2353,163.0719,35.44,99,100,6.49
352,Codrington,AU,2021-05-25 23:42:22,-38.2667,141.9667,53.91,60,96,20.56
353,Balikpapan,ID,2021-05-25 23:50:33,-1.2675,116.8289,79.79,94,20,5.75
354,Amta,IN,2021-05-25 23:51:14,22.58,88.0083,78.73,79,100,28.48
355,Qandala,SO,2021-05-25 23:50:01,11.472,49.8728,85.55,69,4,3.42
356,Mayumba,GA,2021-05-25 23:51:15,-3.432,10.6554,77.77,92,58,6.51
357,Geraldton,AU,2021-05-25 23:43:14,-28.7667,114.6,51.13,76,79,16.73
358,Oyon,PE,2021-05-25 23:51:15,-10.6681,-76.7731,46.24,85,72,4.14
359,Sao Jose Da Coroa Grande,BR,2021-05-25 23:51:16,-8.8978,-35.1478,77.52,84,42,7.67
360,Luanda,AO,2021-05-25 23:41:54,-8.8368,13.2343,73.18,89,8,6.71
361,Beringovskiy,RU,2021-05-25 23:43:42,63.05,179.3167,32.74,99,100,6.58
362,Yar-Sale,RU,2021-05-25 23:42:21,66.8333,70.8333,34.68,81,100,8.23
363,Batemans Bay,AU,2021-05-25 23:51:16,-35.7167,150.1833,64.9,42,1,5.32
364,Delijan,IR,2021-05-25 23:51:17,33.9905,50.6838,70.2,24,9,19.33
365,Vilyuysk,RU,2021-05-25 23:51:17,63.7553,121.6247,47.91,82,100,3.47
366,Wajir,KE,2021-05-25 23:51:17,1.7471,40.0573,75.36,68,84,16.89
367,Tumarbong,PH,2021-05-25 23:51:18,10.3766,119.4579,82.31,80,53,3.36
368,Radomsko,PL,2021-05-25 23:51:16,51.0671,19.4448,48.38,89,64,10.58
369,Cayenne,GF,2021-05-25 23:43:16,4.9333,-52.3333,80.1,88,0,3.0
370,Viedma,AR,2021-05-25 23:44:30,-40.8135,-62.9967,47.97,43,45,7.65
371,Izumo,JP,2021-05-25 23:51:19,35.3667,132.7667,60.75,88,75,4.43
372,Gat,IL,2021-05-25 23:51:19,31.61,34.7642,78.4,57,0,1.77
373,Merritt Island,US,2021-05-25 23:51:19,28.5392,-80.672,84.47,68,1,9.22
374,Riyadh,SA,2021-05-25 23:48:50,24.6877,46.7219,95.05,10,20,3.44
375,Bulaevo,KZ,2021-05-25 23:51:20,54.9056,70.4439,72.61,39,41,8.12
376,Contamana,PE,2021-05-25 23:51:20,-7.3333,-75.0167,72.64,95,67,2.84
377,Mungwi,ZM,2021-05-25 23:51:21,-10.1732,31.3694,50.07,94,1,3.6
378,Novopokrovka,UA,2021-05-25 23:51:21,49.8425,36.5477,55.78,76,99,4.52
379,Lao Cai,VN,2021-05-25 23:51:21,22.4833,103.95,78.06,94,83,1.1
380,Terre-De-Bas,GP,2021-05-25 23:51:22,15.8501,-61.6442,80.11,77,47,17.69
381,Sur,OM,2021-05-25 23:42:13,22.5667,59.5289,90.7,41,0,9.86
382,Port Hardy,CA,2021-05-25 23:40:00,50.6996,-127.4199,51.98,66,75,5.75
383,Suihua,CN,2021-05-25 23:51:23,46.6406,126.9969,61.14,26,12,6.87
384,Mutis,CO,2021-05-25 23:51:23,6.2262,-77.4044,79.79,88,83,6.31
385,Nhulunbuy,AU,2021-05-25 23:51:23,-12.2333,136.7667,75.81,94,75,8.05
386,Ternate,ID,2021-05-25 23:51:24,0.8,127.4,83.16,75,93,5.41
387,Hamilton,US,2021-05-25 23:40:47,39.1834,-84.5333,85.84,44,1,4.16
388,Ahome,MX,2021-05-25 23:51:24,25.9167,-109.1833,93.15,34,30,5.99
389,Montale,IT,2021-05-25 23:51:25,43.9356,11.0171,55.15,87,0,3.0
390,Devonport,AU,2021-05-25 23:51:25,-41.1667,146.35,55.09,76,80,18.45
391,Inuvik,CA,2021-05-25 23:42:37,68.3499,-133.7218,40.06,81,90,8.05
392,Broome,US,2021-05-25 23:41:28,42.2506,-75.833,73.8,76,93,5.01
393,Kyren,RU,2021-05-25 23:51:26,51.6828,102.1408,49.03,74,93,1.59
394,Kununurra,AU,2021-05-25 23:50:41,-15.7667,128.7333,78.78,61,4,3.44
395,Shimoda,JP,2021-05-25 23:50:07,34.6667,138.95,70.16,52,65,8.57
396,Lodwar,KE,2021-05-25 23:51:26,3.1191,35.5973,81.77,49,51,16.02
397,Paamiut,GL,2021-05-25 23:51:27,61.994,-49.6678,35.6,72,82,8.95
398,Nishihara,JP,2021-05-25 23:51:27,26.1842,127.7558,81.68,83,75,7.27
399,Nanakuli,US,2021-05-25 23:51:27,21.3906,-158.1547,84.11,67,75,3.04
400,Balgazyn,RU,2021-05-25 23:51:28,51.0,95.2,51.55,91,100,2.24
401,Mehamn,NO,2021-05-25 23:51:28,71.0357,27.8492,35.94,73,35,6.29
402,Rivne,UA,2021-05-25 23:51:28,50.6231,26.2274,52.84,96,73,11.05
403,Sinnamary,GF,2021-05-25 23:42:50,5.3833,-52.95,78.66,90,100,5.79
404,Airai,TL,2021-05-25 23:42:09,-8.9266,125.4092,66.15,69,22,4.74
405,Birao,CF,2021-05-25 23:51:29,10.2849,22.7882,86.99,34,98,2.89
406,Lar,IN,2021-05-25 23:51:29,26.2039,83.9717,83.5,66,100,5.21
407,Kibre Mengist,ET,2021-05-25 23:51:30,5.8833,38.9833,56.03,98,79,1.05
408,Kavieng,PG,2021-05-25 23:42:00,-2.5744,150.7967,79.84,85,100,6.93
409,Yartsevo,RU,2021-05-25 23:51:30,55.0667,32.6964,52.02,84,96,5.1
410,Iberia,US,2021-05-25 23:50:58,29.9502,-91.7507,82.47,74,75,9.75
411,Pangai,TO,2021-05-25 23:50:17,-19.8,-174.35,71.71,88,90,5.75
412,Saint-Joseph,RE,2021-05-25 23:42:11,-21.3667,55.6167,71.96,85,31,8.03
413,Lavrentiya,RU,2021-05-25 23:42:20,65.5833,-171.0,38.8,85,64,9.91
414,Egvekinot,RU,2021-05-25 23:44:24,66.3167,-179.1667,38.61,76,99,10.87
415,Puerto Quijarro,BO,2021-05-25 23:51:31,-17.7833,-57.7667,74.05,54,10,2.15
416,Leon,MX,2021-05-25 23:46:51,21.1167,-101.6667,73.74,43,77,5.44
417,Nabire,ID,2021-05-25 23:51:01,-3.3667,135.4833,79.84,88,100,2.35
418,Yanam,IN,2021-05-25 23:51:32,16.7333,82.2167,79.88,64,99,7.43
419,Kaeo,NZ,2021-05-25 23:49:45,-35.1,173.7833,59.32,79,53,13.8
420,Mawlaik,MM,2021-05-25 23:51:33,23.6333,94.4167,77.65,91,86,1.68
421,Sept-Iles,CA,2021-05-25 23:50:43,50.2001,-66.3821,51.06,90,75,2.3
422,Petawawa,CA,2021-05-25 23:51:33,45.9001,-77.3328,83.79,39,20,9.22
423,Ziro,IN,2021-05-25 23:51:34,27.6333,93.8333,57.36,95,99,2.77
424,Launceston,AU,2021-05-25 23:44:52,-41.45,147.1667,55.04,90,40,4.0
425,Toora-Khem,RU,2021-05-25 23:51:34,52.4675,96.11,48.42,94,100,2.01
426,Lethem,GY,2021-05-25 23:51:34,3.3803,-59.7968,76.86,91,99,8.01
427,Nelson Bay,AU,2021-05-25 23:51:35,-32.7167,152.15,68.29,70,78,1.01
428,Parlakimidi,IN,2021-05-25 23:51:35,18.7667,84.0833,79.83,37,100,3.87
429,Phek,IN,2021-05-25 23:51:35,25.6667,94.5,61.0,96,100,2.66
430,Aksarka,RU,2021-05-25 23:51:36,66.5606,67.7975,34.95,96,100,12.39
431,Koslan,RU,2021-05-25 23:51:36,63.4564,48.8989,36.3,96,100,9.06
432,Bara,NG,2021-05-25 23:51:37,10.3744,10.7288,84.76,39,50,6.33
433,Gayeri,BF,2021-05-25 23:51:37,12.6497,0.4931,92.43,32,85,7.29
434,Coos Bay,US,2021-05-25 23:47:17,43.3665,-124.2179,62.06,81,90,11.5
435,Dustlik,UZ,2021-05-25 23:51:37,40.5247,68.0358,72.5,37,41,6.35
436,Axim,GH,2021-05-25 23:43:52,4.8699,-2.2405,79.99,83,100,6.15
437,Lacaron,PH,2021-05-25 23:51:38,6.4489,125.5792,80.47,81,99,3.38
438,Rio Do Sul,BR,2021-05-25 23:47:03,-27.2142,-49.6431,50.4,76,1,1.72
439,Aldan,RU,2021-05-25 23:51:38,58.6031,125.3894,44.53,69,100,3.98
440,Road Town,VG,2021-05-25 23:51:39,18.4167,-64.6167,82.49,69,20,10.36
441,Guru Har Sahai,IN,2021-05-25 23:51:39,30.7167,74.4167,86.23,26,0,5.64
442,Kampong Cham,KH,2021-05-25 23:50:10,11.9934,105.4635,75.9,94,98,7.18
443,Mount Gambier,AU,2021-05-25 23:42:54,-37.8333,140.7667,51.71,71,90,9.22
444,Offa,NG,2021-05-25 23:51:40,8.15,4.7167,72.41,97,100,7.52
445,Raga,SS,2021-05-25 23:43:41,8.4596,25.678,76.41,67,82,3.78
446,Honningsvag,NO,2021-05-25 23:42:14,70.9821,25.9704,36.95,67,43,1.41
447,Zhuhai,CN,2021-05-25 23:51:40,22.2769,113.5678,85.78,83,40,11.79
448,La Ronge,CA,2021-05-25 23:51:41,55.1001,-105.2842,44.85,39,20,13.8
449,Aban,RU,2021-05-25 23:51:41,56.67,96.06,45.14,56,98,9.86
450,Vrangel,RU,2021-05-25 23:47:10,42.7297,133.0839,54.27,68,4,7.49
451,Susanino,RU,2021-05-25 23:51:42,58.1461,41.5872,40.32,96,37,5.17
452,Filingue,NE,2021-05-25 23:51:42,14.3521,3.3168,92.98,11,35,7.67
453,Norman Wells,CA,2021-05-25 23:51:43,65.282,-126.8329,60.84,21,20,11.5
454,Bambous Virieux,MU,2021-05-25 23:43:16,-20.3428,57.7575,71.85,88,75,9.28
455,Pati,ID,2021-05-25 23:51:43,-6.7559,111.038,77.9,86,30,3.11
456,Minot,US,2021-05-25 23:51:44,48.2325,-101.2963,58.19,62,90,28.77
457,Meulaboh,ID,2021-05-25 23:42:34,4.1363,96.1285,78.12,85,92,4.92
458,Roebourne,AU,2021-05-25 23:51:44,-20.7833,117.1333,68.59,59,0,19.28
459,Saint-Pierre,RE,2021-05-25 23:51:44,-21.3393,55.4781,73.04,72,20,6.91
460,Port-Gentil,GA,2021-05-25 23:44:27,-0.7193,8.7815,80.56,89,75,10.36
461,Elat,IL,2021-05-25 23:51:45,29.5581,34.9482,80.44,34,0,11.5
462,Necochea,AR,2021-05-25 23:51:45,-38.5473,-58.7368,46.65,59,9,10.83
463,Kaseda,JP,2021-05-25 23:51:46,31.4167,130.3167,67.23,55,100,4.36
464,Birjand,IR,2021-05-25 23:51:46,32.8663,59.2211,68.47,15,0,6.91
465,Paita,PE,2021-05-25 23:50:26,-5.0892,-81.1144,69.76,85,25,12.55
466,Denpasar,ID,2021-05-25 23:50:22,-8.65,115.2167,80.26,89,40,9.28
467,Hagere Selam,ET,2021-05-25 23:51:47,6.4833,38.5167,47.34,96,43,3.8
468,Lucapa,AO,2021-05-25 23:44:52,-8.4192,20.7447,59.88,55,3,4.25
469,Columbia,US,2021-05-25 23:51:47,34.0007,-81.0348,90.95,64,75,1.99
470,South Valley,US,2021-05-25 23:51:47,35.0101,-106.6781,87.31,8,40,5.75
471,Vila Franca Do Campo,PT,2021-05-25 23:43:31,37.7167,-25.4333,66.61,86,100,9.93
472,Namatanai,PG,2021-05-25 23:51:48,-3.6667,152.4333,78.49,89,100,5.64
473,Hare Bay,CA,2021-05-25 23:51:48,48.8499,-54.0148,54.75,74,72,12.59
474,Norilsk,RU,2021-05-25 23:51:49,69.3535,88.2027,23.13,96,88,9.82
475,Miri,MY,2021-05-25 23:41:45,4.4148,114.0089,78.94,94,20,4.61
476,Progreso,MX,2021-05-25 23:51:49,21.2833,-89.6667,88.11,74,78,15.9
477,Itoman,JP,2021-05-25 23:43:24,26.1247,127.6694,82.42,83,40,6.91
478,Samana,DO,2021-05-25 23:51:50,19.2056,-69.3369,80.56,88,12,7.99
479,Hay River,CA,2021-05-25 23:41:14,60.8156,-115.7999,35.58,55,20,8.05
480,Zomba,MW,2021-05-25 23:51:50,-15.386,35.3188,51.82,94,0,2.8
481,Ancud,CL,2021-05-25 23:43:58,-41.8697,-73.8203,54.93,93,100,17.25
482,Knysna,ZA,2021-05-25 23:51:51,-34.0363,23.0471,55.78,90,99,4.38
483,Mitsamiouli,KM,2021-05-25 23:43:29,-11.3847,43.2844,77.65,71,22,10.09
484,Sovetskiy,RU,2021-05-25 23:44:59,61.3614,63.5842,54.54,69,100,1.77
485,Terrace Bay,CA,2021-05-25 23:51:51,48.7834,-87.1,64.02,98,100,4.83
486,Malpe,IN,2021-05-25 23:51:51,13.35,74.7167,76.3,80,100,7.14
487,Florianopolis,BR,2021-05-25 23:51:52,-27.6146,-48.5012,59.63,74,0,2.3
488,Mount Pleasant,US,2021-05-25 23:51:52,32.7941,-79.8626,84.34,72,1,1.01
489,Santa Maria,BR,2021-05-25 23:51:53,-29.6842,-53.8069,47.5,100,0,3.91
490,Dongkan,CN,2021-05-25 23:51:53,33.9997,119.8308,60.91,93,100,9.35
491,Cockburn Town,TC,2021-05-25 23:51:53,21.4612,-71.1419,79.05,79,3,20.2
492,Balkhash,KZ,2021-05-25 23:51:54,46.844,74.9804,69.39,46,0,13.38
493,Dingle,PH,2021-05-25 23:43:09,10.9995,122.6711,82.13,79,100,3.49
494,Nurota,UZ,2021-05-25 23:51:54,40.5614,65.6886,68.09,25,71,5.75
495,Uvat,RU,2021-05-25 23:51:54,59.1433,68.8953,55.65,75,72,5.39
496,Olafsvik,IS,2021-05-25 23:43:17,64.8945,-23.7142,46.4,80,93,16.67
497,Carballo,ES,2021-05-25 23:50:45,43.213,-8.691,55.0,87,100,5.03
498,Manado,ID,2021-05-25 23:51:55,1.487,124.8455,83.17,74,20,1.63
499,Dryden,CA,2021-05-25 23:51:56,49.7833,-92.7503,64.69,48,90,20.71
500,Costinesti,RO,2021-05-25 23:51:56,43.95,28.6333,61.02,80,94,9.26
501,Usinsk,RU,2021-05-25 23:51:56,65.9939,57.5281,32.11,70,99,16.15
502,Tipperary,IE,2021-05-25 23:51:57,52.4733,-8.1558,47.66,93,26,4.34
503,Awbari,LY,2021-05-25 23:43:12,26.5921,12.7805,88.54,10,0,9.64
504,Te Kauwhata,NZ,2021-05-25 23:51:57,-37.4,175.15,60.75,50,44,6.62
505,Orange Walk,BZ,2021-05-25 23:51:58,17.8333,-88.8333,85.86,89,57,5.95
506,Charagua,BO,2021-05-25 23:51:58,-19.8,-63.2167,63.97,68,14,2.62
507,Vadso,NO,2021-05-25 23:51:58,70.0744,29.7487,36.48,72,54,3.29
508,Hereford,GB,2021-05-25 23:51:59,52.0568,-2.7148,46.63,94,9,6.29
509,Rawson,AR,2021-05-25 23:47:37,-43.3002,-65.1023,48.69,40,78,6.42
510,Tecuala,MX,2021-05-25 23:51:59,22.3986,-105.4569,88.79,35,85,8.63
511,North Battleford,CA,2021-05-25 23:52:00,52.7834,-108.2847,48.29,53,20,11.5
512,Corinth,GR,2021-05-25 23:52:00,37.9407,22.9573,78.76,54,1,2.82
513,Lasa,IT,2021-05-25 23:43:16,46.6166,10.7002,47.28,62,35,1.39
514,Fort Nelson,CA,2021-05-25 23:41:05,58.8053,-122.7002,49.59,27,90,8.05
515,Abu Dhabi,AE,2021-05-25 23:47:11,24.4667,54.3667,95.11,31,0,8.34
516,Nome,US,2021-05-25 23:42:25,64.5011,-165.4064,69.87,23,1,12.66
517,Manaia,NZ,2021-05-25 23:52:01,-39.55,174.1333,53.8,58,3,6.24
518,Tessalit,ML,2021-05-25 23:52:01,20.1986,1.0114,93.0,7,42,12.55
519,Simplicio Mendes,BR,2021-05-25 23:52:02,-7.8539,-41.9103,77.13,33,18,6.6
520,Mokhsogollokh,RU,2021-05-25 23:52:02,61.4681,128.9203,56.17,45,49,5.48
521,Puerto Leguizamo,CO,2021-05-25 23:52:02,-0.1934,-74.7819,72.34,98,85,1.95
522,Atar,MR,2021-05-25 23:42:44,20.5169,-13.0499,85.93,19,46,10.83
523,Leningradskiy,RU,2021-05-25 23:43:56,69.3833,178.4167,35.17,87,76,10.31
524,Sosua,DO,2021-05-25 23:52:03,19.7667,-70.5167,82.53,89,75,17.27
525,Byron Bay,AU,2021-05-25 23:41:52,-28.65,153.6167,72.05,67,1,6.13
526,Whyalla,AU,2021-05-25 23:50:23,-33.0333,137.5833,49.89,87,53,9.22
527,Yeovil,GB,2021-05-25 23:51:08,50.9416,-2.6321,46.54,94,0,6.91
528,Hun,LY,2021-05-25 23:52:04,29.1268,15.9477,79.32,28,2,11.74
529,Olinda,BR,2021-05-25 23:48:51,-8.0089,-34.8553,78.53,73,75,9.91
530,Iskateley,RU,2021-05-25 23:52:04,67.6803,53.1512,31.05,78,80,9.64
531,Aklavik,CA,2021-05-25 23:42:23,68.2191,-135.0107,40.03,70,75,9.22
532,Aleksandrov Gay,RU,2021-05-25 23:52:05,50.147,48.5704,60.13,77,98,14.2
533,Plettenberg Bay,ZA,2021-05-25 23:52:05,-34.0527,23.3716,58.14,88,99,5.23
534,Omsukchan,RU,2021-05-25 23:52:05,62.5333,155.8,37.49,75,97,4.92
535,Kamenice Nad Lipou,CZ,2021-05-25 23:52:06,49.303,15.0752,41.11,97,5,7.87
536,Alappuzha,IN,2021-05-25 23:52:06,9.49,76.3264,80.02,80,100,11.5
537,Gogrial,SS,2021-05-25 23:52:07,8.5332,28.1004,83.37,54,73,6.04
538,New Ulm,US,2021-05-25 23:52:07,44.3125,-94.4605,82.9,21,1,25.32
539,Korla,CN,2021-05-25 23:52:07,41.7597,86.1469,73.26,21,22,5.73
540,Kunming,CN,2021-05-25 23:50:52,25.0389,102.7183,62.53,88,40,11.18
541,Amga,RU,2021-05-25 23:52:08,60.8953,131.9608,58.57,34,43,3.98
542,Mattru,SL,2021-05-25 23:51:15,7.6244,-11.8332,76.44,94,99,2.04
543,Banjar,ID,2021-05-25 23:43:07,-8.19,114.9675,80.46,81,65,1.57
544,Lorengau,PG,2021-05-25 23:42:51,-2.0226,147.2712,78.84,89,100,7.18
545,Fairview,US,2021-05-25 23:52:08,40.8126,-73.999,78.62,70,1,3.0
546,Mackenzie,CA,2021-05-25 23:52:09,55.2999,-123.1698,44.82,81,90,8.05
547,Gorontalo,ID,2021-05-25 23:47:18,0.5412,123.0595,79.83,83,84,0.98
548,Hobyo,SO,2021-05-25 23:44:28,5.3505,48.5268,77.92,82,44,22.48
549,Flin Flon,CA,2021-05-25 23:42:22,54.7682,-101.865,33.64,64,90,15.32
550,Pinotepa Nacional,MX,2021-05-25 23:52:09,16.3167,-98.0167,84.13,58,98,2.98
551,White Rock,CA,2021-05-25 23:52:10,49.0164,-122.8026,69.08,75,44,1.99
552,Acarau,BR,2021-05-25 23:52:10,-2.8856,-40.12,78.48,78,28,12.75
553,Nantucket,US,2021-05-25 23:43:37,41.2835,-70.0995,61.14,82,1,16.11
554,Semey,KZ,2021-05-25 23:43:53,50.4111,80.2275,57.42,67,0,2.24
555,Beloha,MG,2021-05-25 23:43:39,-25.1667,45.05,61.16,82,6,5.55
556,Middelburg,ZA,2021-05-25 23:52:09,-25.7751,29.4648,50.2,45,99,3.83
557,Zhaotong,CN,2021-05-25 23:52:11,27.3167,103.7167,51.39,95,100,6.62
558,Taoudenni,ML,2021-05-25 23:42:34,22.6783,-3.9836,100.56,14,85,12.5
559,Krasnoselkup,RU,2021-05-25 23:44:23,65.7,82.4667,31.15,59,15,7.85
560,Kutum,SD,2021-05-25 23:44:07,14.2,24.6667,77.41,25,86,2.64
561,Roma,US,2021-05-25 23:48:12,43.2128,-75.4557,80.46,93,100,8.03
562,Give,DK,2021-05-25 23:52:12,55.8398,9.25,48.36,93,75,5.82
563,Alofi,NU,2021-05-25 23:52:12,-19.0595,-169.9187,75.09,80,90,16.11
564,Klaksvik,FO,2021-05-25 23:52:13,62.2266,-6.589,49.12,91,96,16.2
565,Touba,CI,2021-05-25 23:52:13,8.2833,-7.6833,75.22,84,100,3.67
566,Front Royal,US,2021-05-25 23:50:17,38.9182,-78.1944,78.71,74,1,3.44
567,Fortuna,US,2021-05-25 23:40:59,40.5982,-124.1573,70.48,66,75,7.0
568,Frontera,MX,2021-05-25 23:50:16,26.9333,-101.45,93.94,35,31,17.34
569,Pemangkat,ID,2021-05-25 23:44:08,1.1667,108.9667,79.38,85,100,4.54
570,Fonte Boa,BR,2021-05-25 23:52:14,-2.4959,-66.2662,75.18,98,88,1.72
571,Pacific Grove,US,2021-05-25 23:52:14,36.6177,-121.9166,79.14,76,40,4.0
572,Tabou,CI,2021-05-25 23:52:15,4.423,-7.3528,80.06,84,79,5.53
573,Burnie,AU,2021-05-25 23:43:55,-41.0667,145.9167,52.36,77,75,20.47
574,Zhigalovo,RU,2021-05-25 23:52:15,54.8097,105.1578,43.99,93,100,1.25
575,Orel-Izumrud,RU,2021-05-25 23:52:16,43.4583,39.9244,62.62,82,90,0.0
576,Lydenburg,ZA,2021-05-25 23:52:16,-25.0978,30.4597,50.4,60,81,1.92
577,Urumqi,CN,2021-05-25 23:52:09,43.801,87.6005,68.95,24,0,3.87
